{
    "psicologos": [
        {
        "id": 1,
        "nome": "Psicologo da silva souza",
        "foto": "00001.png",
        "descricao": "Lorem Ipsum",
        "precoconsulta": 200,
        "avaliacao": 4.5,
        "modalidade": [
            "Presencial",
            "Vídeo-Chamada"],
        "localizacao": [-43.93317419,-19.84636970],
        "especialidade": [
        "Psicólogos clínicos",
        "Sexólogos"]
        },
        {
            "id": 2,
            "nome": "Robervaldo Lima",
            "foto": "00002.png",
            "descricao": "Lorem Ipsum 2",
            "precoconsulta": 500,
            "avaliacao": 3.5,
            "modalidade": [
                "Chat"],
            "localizacao": [-43.98205311,-19.84636970],
            "especialidade": [
            "Psicólogos sociais",
            "Psicólogos forenses",
            "Psicólogos do desporto"
            ]
        },
        {
            "id": 3,
            "nome": "Pessoa Teste 02",
            "foto": "00003.png",
            "descricao": "Lorem Ipsum Lorem Ipsum Lorem Ipsum Lorem Ipsum Lorem Ipsum Lorem IpsumLorem IpsumLorem IpsumLorem IpsumLorem IpsumLorem Ipsum",
            "precoconsulta": 1000,
            "avaliacao": 5,
            "modalidade": [
                "Chat",
                "Presencial",
                "Vídeo-Chamada"],
            "localizacao": [-44.08991361,-19.75972857],
            "especialidade": [
            "Psicoterapeutas",
            "Investigadores",
            "Neuropsicólogos",
            "Psicólogos do trabalho"                
            ]
        },
        {
            "id": 4,
            "nome": "Ricardo jorge",
            "foto": "00004.png",
            "descricao": "Psicólogo formado na universidade federal de santa catarina, Doutorado.",
            "precoconsulta": 100,
            "avaliacao": 2.8,
            "modalidade": [
                "Presencial"],
            "localizacao": [-43.22628625,-22.92001208],
            "especialidade": [
            "Psicólogos do desenvolvimento"
            ]
        }
    ]
}
    